{"stats":{"minecraft:mined":{"minecraft:grass":14},"minecraft:used":{"minecraft:white_wool":1,"minecraft:mutton":1},"minecraft:picked_up":{"minecraft:mutton":1,"minecraft:wheat_seeds":1,"minecraft:white_wool":1},"minecraft:custom":{"minecraft:jump":36,"minecraft:time_since_rest":1059,"minecraft:leave_game":1,"minecraft:damage_dealt":150,"minecraft:crouch_one_cm":10,"minecraft:sprint_one_cm":1575,"minecraft:play_time":1059,"minecraft:damage_taken":70,"minecraft:time_since_death":1059,"minecraft:walk_one_cm":1529,"minecraft:sneak_time":3,"minecraft:total_world_time":1059,"minecraft:mob_kills":1,"minecraft:fall_one_cm":2755,"minecraft:fly_one_cm":2513},"minecraft:killed":{"minecraft:sheep":1}},"DataVersion":3120}